filename,total_energy,energy_per_atom
Ga2O3_doped_Co.cif,-6.291007518768311,-0.0582500696182251
Ga2O3_doped_Cr.cif,-6.331098556518555,-0.0586212829307273
Ga2O3_doped_Cu.cif,-6.261045455932617,-0.0579726431104871
Ga2O3_doped_Fe.cif,-6.306596755981445,-0.0583944144072356
Ga2O3_doped_Mn.cif,-6.319847583770752,-0.0585171072571365
Ga2O3_doped_Ni.cif,-6.279637336730957,-0.0581447901549162
Ga2O3_doped_Ti.cif,-6.339529037475586,-0.0586993429395887
Ga2O3_doped_V.cif,-6.332954406738281,-0.0586384667290581
Ga2O3_doped_Zn.cif,-6.251519680023193,-0.0578844414816962
SiC_doped_Co.cif,-7.517926216125488,-0.0348052139635439
SiC_doped_Cr.cif,-7.532643318176269,-0.0348733486952605
SiC_doped_Cu.cif,-7.498045921325684,-0.0347131755616929
SiC_doped_Fe.cif,-7.525274753570557,-0.034839234970234
SiC_doped_Mn.cif,-7.529434204101562,-0.0348584916856553
SiC_doped_Ni.cif,-7.509799003601074,-0.0347675879796346
SiC_doped_Ti.cif,-7.530105590820312,-0.0348615999575014
SiC_doped_V.cif,-7.532865047454834,-0.0348743752196983
SiC_doped_Zn.cif,-7.488038063049316,-0.0346668428844875
SiC_doped_Zr.cif,-7.524919033050537,-0.0348375881159747
SiC_doped_U.cif,-7.52935791015625,-0.0348581384729456
SiC_doped_U.cif,-7.52935791015625,-0.0348581384729456
